Order ID,ProductID,Quantity,Order Date
1001,1,2,01-15-2021
1002,2,1,01-16-2021
1003,3,3,01-17-2022
1004,1,1,01-18-2022
1005,4,2,01-19-2023
1006,5,5,01-20-2023
1007,6,1,01-21-2023
1008,7,3,01-22-2023
1009,8,4,01-23-2022
1010,9,2,01-24-2021
1011,10,1,01-25-2022
1012,11,5,01-26-2023
1013,12,2,01-27-2021
1014,1,3,01-28-2021
1015,2,2,01-29-2022
1016,3,4,01-30-2022
1017,4,1,
1018,5,3,02-02-2023
1019,6,2,02-03-2023
1020,7,4,02-04-2023
1021,8,1,02-05-2023
1022,9,2,02-06-2022
1023,10,3,02-07-2023
1024,11,4,02-08-2023
1025,12,2,02-09-2021
1026,1,5,02-10-2023
1027,2,1,02-11-2021
1028,3,3,02-12-2022
1029,4,2,02-13-2023
1030,5,5,02-14-2022
1031,6,1,02-15-2021
1032,7,3,02-16-2023
1033,8,4,02-17-2021
1034,9,2,02-18-2023
1035,10,1,02-19-2023
1036,11,5,
1037,12,2,02-21-2023
1038,1,3,02-22-2021
1039,2,4,02-23-2023
1040,3,1,02-24-2022
1041,4,3,02-25-2023
1042,5,2,02-26-2021
1043,6,4,02-27-2023
1044,7,5,02-28-2023
1045,8,3,03-01-2023
1046,9,2,03-02-2022
1047,10,1,03-03-2021
1048,11,2,03-04-2023
1049,12,3,03-05-2022
1050,1,1,03-06-2023